Instrument Code,Instrument Name,Issuer Name,Ticker,Instrument Type,Currency,Issue Date,Maturity Date,Coupon Type,Coupon Rate,Coupon Frequency,Face Value,Status,ISIN
GHGGOG056763,Government of Ghana 20 YEAR BOND due 2039-08-01,Government of Ghana,,GOVERNMENT_BOND,GHS,2019-08-26,2039-08-01,FIXED,20.20,SEMI_ANNUAL,100,ACTIVE,GHGGOG056763
GHGGOG062738,Government of Ghana 5 YEAR BOND due 2026-03-02,Government of Ghana,,GOVERNMENT_BOND,GHS,2021-03-08,2026-03-02,FIXED,18.30,SEMI_ANNUAL,100,ACTIVE,GHGGOG062738
GHGGOG043563,Government of Ghana 10 YEAR BOND due 2026-11-02,Government of Ghana,,GOVERNMENT_BOND,GHS,2016-11-14,2026-11-02,FIXED,19.00,SEMI_ANNUAL,100,ACTIVE,GHGGOG043563
GHGGOG059064,Government of Ghana 15 YEAR BOND due 2034-01-03,Government of Ghana,,GOVERNMENT_BOND,GHS,2019-01-04,2034-01-03,FIXED,16.00,SEMI_ANNUAL,100,ACTIVE,GHGGOG059064
GHGGOG066424,Government of Ghana 5 YEAR BOND due 2027-05-03,Government of Ghana,,GOVERNMENT_BOND,GHS,2022-05-09,2027-05-03,FIXED,22.30,SEMI_ANNUAL,100,ACTIVE,GHGGOG066424
GHGGOG060682,Government of Ghana 10 YEAR BOND due 2030-08-05,Government of Ghana,,GOVERNMENT_BOND,GHS,2020-08-17,2030-08-05,FIXED,19.00,SEMI_ANNUAL,100,ACTIVE,GHGGOG060682
GHGGOG060732,Government of Ghana 10 YEAR BOND due 2030-08-05,Government of Ghana,,GOVERNMENT_BOND,GHS,2020-08-17,2030-08-05,FIXED,19.50,SEMI_ANNUAL,100,ACTIVE,GHGGOG060732
GHGGOG064312,Government of Ghana 6 YEAR BOND due 2027-09-06,Government of Ghana,,GOVERNMENT_BOND,GHS,2021-09-13,2027-09-06,FIXED,18.80,SEMI_ANNUAL,100,ACTIVE,GHGGOG064312
GHGGOG049263,Government of Ghana 7 YEAR BOND due 2025-04-07,Government of Ghana,,GOVERNMENT_BOND,GHS,2018-04-16,2025-04-07,FIXED,16.25,SEMI_ANNUAL,100,ACTIVE,GHGGOG049263
GHGGOG066150,Government of Ghana 3 YEAR BOND due 2025-04-07,Government of Ghana,,GOVERNMENT_BOND,GHS,2022-04-14,2025-04-07,FIXED,20.85,SEMI_ANNUAL,100,ACTIVE,GHGGOG066150
GHGGOG063835,Government of Ghana 10 YEAR BOND due 2031-07-07,Government of Ghana,,GOVERNMENT_BOND,GHS,2021-07-19,2031-07-07,FIXED,19.75,SEMI_ANNUAL,100,ACTIVE,GHGGOG063835
GHGGOG065921,Government of Ghana 5 YEAR BOND due 2027-03-08,Government of Ghana,,GOVERNMENT_BOND,GHS,2022-03-14,2027-03-08,FIXED,20.75,SEMI_ANNUAL,100,ACTIVE,GHGGOG065921
GHGGOG061714,Government of Ghana 7 YEAR BOND due 2027-11-08,Government of Ghana,,GOVERNMENT_BOND,GHS,2020-11-16,2027-11-08,FIXED,20.50,SEMI_ANNUAL,100,ACTIVE,GHGGOG061714
GHGGOG060674,Government of Ghana 7 YEAR BOND due 2027-08-09,Government of Ghana,,GOVERNMENT_BOND,GHS,2020-08-17,2027-08-09,FIXED,20.00,SEMI_ANNUAL,100,ACTIVE,GHGGOG060674
GHGGOG056458,Government of Ghana 15 YEAR BOND due 2034-07-10,Government of Ghana,,GOVERNMENT_BOND,GHS,2019-07-29,2034-07-10,FIXED,20.00,SEMI_ANNUAL,100,ACTIVE,GHGGOG056458
GHGGOG063314,Government of Ghana 5 YEAR BOND due 2026-05-11,Government of Ghana,,GOVERNMENT_BOND,GHS,2021-05-17,2026-05-11,FIXED,18.80,SEMI_ANNUAL,100,ACTIVE,GHGGOG063314
GHGGOG055922,Government of Ghana 10 YEAR BOND due 2029-06-11,Government of Ghana,,GOVERNMENT_BOND,GHS,2019-06-24,2029-06-11,FIXED,19.80,SEMI_ANNUAL,100,ACTIVE,GHGGOG055922
GHGGOG063546,Government of Ghana 7 YEAR BOND due 2028-06-12,Government of Ghana,,GOVERNMENT_BOND,GHS,2021-06-21,2028-06-12,FIXED,18.10,SEMI_ANNUAL,100,ACTIVE,GHGGOG063546
GHGGOG060427,Government of Ghana 6 YEAR BOND due 2026-07-13,Government of Ghana,,GOVERNMENT_BOND,GHS,2020-07-20,2026-07-13,FIXED,19.50,SEMI_ANNUAL,100,ACTIVE,GHGGOG060427
GHGGOG061466,Government of Ghana 5 YEAR BOND due 2025-10-13,Government of Ghana,,GOVERNMENT_BOND,GHS,2020-10-19,2025-10-13,FIXED,19.85,SEMI_ANNUAL,100,ACTIVE,GHGGOG061466
GHGGOG065145,Government of Ghana 5 YEAR BOND due 2026-12-14,Government of Ghana,,GOVERNMENT_BOND,GHS,2021-12-20,2026-12-14,FIXED,21.00,SEMI_ANNUAL,100,ACTIVE,GHGGOG065145
GHGGOG044751,Government of Ghana 15 YEAR BOND due 2032-03-15,Government of Ghana,,GOVERNMENT_BOND,GHS,2017-04-03,2032-03-15,FIXED,19.75,SEMI_ANNUAL,100,ACTIVE,GHGGOG044751
GHGGOG065475,Government of Ghana 6 YEAR BOND due 2028-01-17,Government of Ghana,,GOVERNMENT_BOND,GHS,2022-01-24,2028-01-17,FIXED,21.75,SEMI_ANNUAL,100,ACTIVE,GHGGOG065475
GHGGOG059262,Government of Ghana 5 YEAR BOND due 2025-03-17,Government of Ghana,,GOVERNMENT_BOND,GHS,2020-03-23,2025-03-17,FIXED,21.70,SEMI_ANNUAL,100,ACTIVE,GHGGOG059262
GHGGOG062373,Government of Ghana 6 YEAR BOND due 2027-01-18,Government of Ghana,,GOVERNMENT_BOND,GHS,2021-01-25,2027-01-18,FIXED,19.25,SEMI_ANNUAL,100,ACTIVE,GHGGOG062373
GHGGOG066556,Government of Ghana 3 YEAR BOND due 2025-05-19,Government of Ghana,,GOVERNMENT_BOND,GHS,2022-05-23,2025-05-19,FIXED,25.00,SEMI_ANNUAL,100,ACTIVE,GHGGOG066556
GHGGOG067224,Government of Ghana 3 YEAR BOND due 2025-07-21,Government of Ghana,,GOVERNMENT_BOND,GHS,2022-07-25,2025-07-21,FIXED,29.85,SEMI_ANNUAL,100,ACTIVE,GHGGOG067224
GHGGOG060195,Government of Ghana 5 YEAR BOND due 2025-06-23,Government of Ghana,,GOVERNMENT_BOND,GHS,2020-06-29,2025-06-23,FIXED,19.25,SEMI_ANNUAL,100,ACTIVE,GHGGOG060195
GHGGOG064247,Government of Ghana 5 YEAR BOND due 2026-08-26,Government of Ghana,,GOVERNMENT_BOND,GHS,2021-09-01,2026-08-26,FIXED,18.85,SEMI_ANNUAL,100,ACTIVE,GHGGOG064247
GHGGOG050246,Government of Ghana 10 YEAR BOND due 2028-05-28,Government of Ghana,,GOVERNMENT_BOND,GHS,2018-06-11,2028-05-28,FIXED,17.50,SEMI_ANNUAL,100,ACTIVE,GHGGOG050246
GHGGOG058660,Government of Ghana 15 YEAR BOND due 2033-07-31,Government of Ghana,,GOVERNMENT_BOND,GHS,2018-08-01,2033-07-31,FIXED,11.65,SEMI_ANNUAL,100,ACTIVE,GHGGOG058660
GHGGOG059072,Government of Ghana 15 YEAR BOND due 2033-07-31,Government of Ghana,,GOVERNMENT_BOND,GHS,2018-08-01,2033-07-31,FIXED,17.00,SEMI_ANNUAL,100,ACTIVE,GHGGOG059072
